Amazon,850.5
Amazon,850.5
Amazon,846.02
Amazon,846.61
Amazon,849.88
Amazon,848.91
Amazon,853.08
Amazon,845.04
Amazon,848.64
Amazon,845.24
Amazon,852.19
Amazon,855.61
Amazon,856.44
Amazon,845.07
Amazon,844.14
Amazon,842.7
Amazon,836.39
Amazon,836.53
Amazon,827.46
Amazon,821.36
Amazon,819.71
Amazon,812.5
Amazon,807.64
Amazon,810.2
Amazon,839.95
Amazon,832.35
Amazon,823.48
Amazon,830.38
Amazon,835.77
Amazon,839.15
Amazon,836.52
Amazon,822.44
Amazon,817.88
Amazon,808.33
Amazon,809.04
Amazon,807.48
Amazon,809.72
Amazon,817.14
Amazon,813.64
Amazon,799.02
Amazon,795.9
Amazon,796.92
Amazon,795.99
Amazon,780.45
Amazon,757.18
Amazon,753.67
Amazon,749.87
Amazon,765.15
Amazon,772.13
Amazon,771.4
Amazon,760.59
Amazon,766.34
Amazon,770.6
Amazon,771.22
Amazon,766
Amazon,757.77
Amazon,761
Amazon,768.82
Amazon,774.34
Amazon,760.12
Amazon,768.66
Amazon,767.33
Amazon,770.42
Amazon,764.72
Amazon,759.36
Amazon,740.34
Amazon,743.65
Amazon,750.57
Amazon,762.52
Amazon,766.77
Amazon,780.37
Amazon,780.12
Amazon,785.33
Amazon,780
Amazon,760.16
Amazon,756.4
Amazon,746.49
Amazon,743.24
Amazon,719.07
Amazon,739.01
Amazon,742.38
Amazon,771.88
Amazon,787.75
Amazon,784.93
Amazon,755.05
Amazon,767.03
Amazon,765.56
Amazon,785.41
Amazon,789.82
Amazon,776.32
Amazon,818.36
Amazon,822.59
Amazon,835.18
Amazon,838.09
Amazon,818.99
Amazon,810.32
Amazon,817.69
Amazon,817.65
Amazon,812.95
Amazon,822.96
Amazon,829.28
Amazon,834.09
Amazon,831
Amazon,841.71
Amazon,839.43
Amazon,841.66
Amazon,844.36
Amazon,834.03
Amazon,836.74
Amazon,837.31
Amazon,829.05
Amazon,828.72
Amazon,816.11
Amazon,799.16
Amazon,805.75
Amazon,804.7
Amazon,789.74
Amazon,780.22
Amazon,775.1
Amazon,778.52
Amazon,769.69
Amazon,761.09
Amazon,761.01
Amazon,771.49
Amazon,760.14
Amazon,784.06
Amazon,784.48
Amazon,788.87
Amazon,772.44
Amazon,770.62
Amazon,769.16
Amazon,767.58
Amazon,771.29
Amazon,769
Amazon,759.22
Amazon,757.25
Amazon,762.45
Amazon,759.48
Amazon,757.31
Amazon,764.46
Amazon,764.63
Amazon,764.04
Amazon,768.49
Amazon,772.56
Amazon,771.24
Amazon,768.56
Amazon,768.31
Amazon,766.56
Amazon,765.98
Amazon,760.77
Amazon,754.64
Amazon,760.58
Amazon,767.74
Amazon,758.81
Amazon,752.61
Amazon,736.67
Amazon,735.59
Amazon,739.61
Amazon,744.86
Amazon,744.43
Amazon,745.72
Amazon,739.95
Amazon,736.07
Amazon,735.44
Amazon,741.2
Amazon,742.63
Amazon,748.21
Amazon,753.78
Amazon,745.81
Amazon,736.57
Amazon,737.61
Amazon,728.1
Amazon,725.68
Amazon,715.62
Amazon,715.6
Amazon,707.95
Amazon,691.36
Amazon,698.96
Amazon,722.08
Amazon,710.6
Amazon,715.82
Amazon,714.01
Amazon,706.39
Amazon,717.51
Amazon,714.26
Amazon,719.3
Amazon,715.24
Amazon,717.91
Amazon,727.65
Amazon,726.64
Amazon,723.74
Amazon,726.73
Amazon,725.54
Amazon,728.24
Amazon,719.44
Amazon,722.79
Amazon,712.24
Amazon,714.91
Amazon,708.35
Amazon,704.2
Amazon,696.75
Amazon,702.8
Amazon,698.52
Amazon,697.45
Amazon,695.27
Amazon,710.66
Amazon,709.92
Amazon,717.93
Amazon,713.23
Amazon,703.07
Amazon,679.75
Amazon,673.95
Amazon,659.09
Amazon,670.9
Amazon,671.32
Amazon,683.85
Amazon,659.59
Amazon,602
Amazon,606.57
Amazon,616.88
Amazon,626.2
Amazon,620.5
Amazon,631
Amazon,632.99
Amazon,627.9
Amazon,635.35
Amazon,625.89
Amazon,620.75
Amazon,614.82
Amazon,603.17
Amazon,595.93
Amazon,594.6
Amazon,591.43
Amazon,602.08
Amazon,586.14
Amazon,593.19
Amazon,598.5
Amazon,593.64
Amazon,598.69
Amazon,593.86
Amazon,579.87
Amazon,582.95
Amazon,569.63
Amazon,560.48
Amazon,553.98
Amazon,552.08
Amazon,559.44
Amazon,574.27
Amazon,577.02
Amazon,573.37
Amazon,569.61
Amazon,558.93
Amazon,559.47
Amazon,560.26
