Twitter,15.24
Twitter,15.24
Twitter,15.18
Twitter,15.56
Twitter,15.75
Twitter,15.79
Twitter,15.79
Twitter,15.77
Twitter,16.06
Twitter,15.98
Twitter,16.03
Twitter,16.08
Twitter,16.42
Twitter,16.62
Twitter,16.35
Twitter,16.74
Twitter,16.52
Twitter,15.81
Twitter,15.58
Twitter,16.41
Twitter,18.72
Twitter,18.26
Twitter,17.93
Twitter,17.61
Twitter,17.78
Twitter,17.24
Twitter,17.62
Twitter,16.94
Twitter,16.57
Twitter,16.81
Twitter,16.73
Twitter,16.52
Twitter,16.61
Twitter,16.58
Twitter,16.79
Twitter,17.11
Twitter,16.96
Twitter,17.25
Twitter,17.38
Twitter,17.3
Twitter,17.37
Twitter,17.5
Twitter,17.17
Twitter,17.09
Twitter,16.86
Twitter,16.44
Twitter,16.3
Twitter,16.39
Twitter,16.39
Twitter,16.61
Twitter,16.5
Twitter,16.41
Twitter,17.08
Twitter,17.92
Twitter,18.24
Twitter,18.63
Twitter,18.79
Twitter,18.93
Twitter,19.37
Twitter,18.93
Twitter,19.65
Twitter,19.64
Twitter,19.48
Twitter,18.23
Twitter,18.23
Twitter,17.93
Twitter,18.03
Twitter,18.49
Twitter,18.19
Twitter,18.3
Twitter,18.06
Twitter,18.22
Twitter,18.63
Twitter,18.6
Twitter,18.73
Twitter,18.55
Twitter,18.63
Twitter,18.98
Twitter,19.14
Twitter,18.55
Twitter,18.37
Twitter,19.13
Twitter,18.38
Twitter,18.41
Twitter,18.02
Twitter,17.58
Twitter,17.61
Twitter,17.49
Twitter,17.95
Twitter,17.66
Twitter,17.4
Twitter,17.29
Twitter,17.26
Twitter,18.03
Twitter,18.09
Twitter,16.9
Twitter,17.07
Twitter,16.83
Twitter,16.73
Twitter,16.88
Twitter,17.79
Twitter,18.05
Twitter,18
Twitter,17.56
Twitter,19.85
Twitter,19.87
Twitter,24.87
Twitter,23.52
Twitter,24
Twitter,23.05
Twitter,23.01
Twitter,22.96
Twitter,23.72
Twitter,23.37
Twitter,22.62
Twitter,18.63
Twitter,18.49
Twitter,18.39
Twitter,18.36
Twitter,19.11
Twitter,18.3
Twitter,18.08
Twitter,17.76
Twitter,18.15
Twitter,18.11
Twitter,18.7
Twitter,19.87
Twitter,19.93
Twitter,19.55
Twitter,19.5
Twitter,19.21
Twitter,18.38
Twitter,18.47
Twitter,18.3
Twitter,18.32
Twitter,18.25
Twitter,18.69
Twitter,18.55
Twitter,18.98
Twitter,19
Twitter,20.17
Twitter,20.4
Twitter,20.86
Twitter,19.54
Twitter,19.78
Twitter,19.04
Twitter,18.68
Twitter,18.2
Twitter,18.26
Twitter,18.13
Twitter,15.41
Twitter,16.42
Twitter,16.64
Twitter,16.64
Twitter,16.31
Twitter,15.77
Twitter,18.45
Twitter,18.65
Twitter,18.37
Twitter,18.39
Twitter,18.56
Twitter,18.33
Twitter,18.65
Twitter,18.08
Twitter,17.96
Twitter,17.74
Twitter,18.1
Twitter,17.71
Twitter,18.08
Twitter,17.37
Twitter,17.2
Twitter,17.14
Twitter,17.28
Twitter,16.91
Twitter,16.83
Twitter,16.42
Twitter,15.84
Twitter,16.44
Twitter,17.04
Twitter,16.13
Twitter,16.32
Twitter,16.34
Twitter,16.1
Twitter,15.87
Twitter,15.96
Twitter,15.36
Twitter,14.55
Twitter,14.02
Twitter,14.6
Twitter,14.95
Twitter,15
Twitter,15.27
Twitter,15.2
Twitter,15.2
Twitter,15.02
Twitter,15.22
Twitter,15.1
Twitter,14.3
Twitter,14.41
Twitter,14.03
Twitter,14.41
Twitter,14.43
Twitter,14.15
Twitter,14.14
Twitter,14.34
Twitter,14.29
Twitter,14.1
Twitter,14.08
Twitter,14.59
Twitter,14.63
Twitter,14.2
Twitter,14.4
Twitter,14.12
Twitter,14.84
Twitter,14.01
Twitter,14.4
Twitter,14.62
Twitter,14.64
Twitter,14.86
Twitter,17.75
Twitter,17.09
Twitter,17.23
Twitter,17.51
Twitter,17.4
Twitter,16.92
Twitter,17.31
Twitter,17.58
Twitter,17.53
Twitter,17.37
Twitter,16.57
Twitter,16.51
Twitter,16.65
Twitter,16.98
Twitter,17.26
Twitter,17.05
Twitter,17.09
Twitter,15.98
Twitter,16.55
Twitter,16.36
Twitter,15.97
Twitter,15.6
Twitter,15.91
Twitter,16.01
Twitter,16.86
Twitter,16.89
Twitter,16.85
Twitter,16.85
Twitter,16.7
Twitter,16.19
Twitter,17.12
Twitter,16.81
Twitter,16.61
Twitter,17.66
Twitter,18.33
